id,val
20,0.7471064958905673
21,0.17796347692968573
22,0.9148518421410181
23,0.6106604017638123
24,0.3976873718187224
25,0.827235060315884
26,0.4825310774909686
27,0.37056767376721755
28,0.9169492517919065
29,0.5329837241879531
