id,val
0,0.7813801952659799
1,0.13320691314837174
2,0.5192944368841407
3,0.8366941417702125
4,0.8115904413812821
5,0.031817527532820744
6,0.4576551893602664
7,0.28259604724854337
8,0.6489381003515666
9,0.6436128593026043
