id,val
10,0.6941760432429893
11,0.932037607162573
12,0.6309180181139133
13,0.24643526559123619
14,0.1911488812318085
15,0.8849323969968218
16,0.06701392822689922
17,0.10512714370285958
18,0.9183788230106285
19,0.4575474344806153
